{"upper_lim": 119.37360850749998, "lower_lim": 55.76859182750003}